Страница/кластер,Ключевой запрос,,,WS (Россия),"""[!WS]"" (Россия)"
Матрасы из латекса,латексный матрас,,,5454,568
Матрасы из латекса,матрас из латекса,,,2798,161
Матрасы из латекса,купить латексный матрас,,,1328,48
Матрасы из латекса,матрасы из латекса купить,,,769,8
Матрасы из латекса,купить матрас из латекса,,,769,22
Матрасы из латекса,латексные матрасы в москве,,,160,1
Матрасы из латекса,латексный матрас купить в москве,,,140,40
Матрасы из латекса,латексный матрас цена,,,49,17
Матрасы из латекса,матрас из латексной пены,,,34,7
Матрасы из латекса,где купить латексный матрас,,,19,0
Матрасы из латекса,матрас из латекса цена,,,15,0
Матрасы из латекса,недорогой латексный матрас,,,5,0
Матрасы из латекса,матрас из латекса производство россия,,,0,0
Матрасы из латекса,матрас из латекса mrmattress,,,0,0
Матрасы из латекса,латексный матрас mrmattress,,,0,0
Матрасы из латекса,матрасы из латекса mrmattress купить,,,0,0
Матрасы из латекса,купить матрас из латекса mrmattress,,,0,0
Матрасы из латекса,латексный матрас mrmattress цена,,,0,0
Матрасы из латекса,матрас из латекса mrmattress цена,,,0,0
Матрасы из латекса,недорогой латексный матрас mrmattress,,,0,0
Матрасы из латекса,где купить латексный матрас mrmattress,,,0,0
Матрасы из латекса,купить латексный матрас mrmattress,,,0,0
Матрасы из латекса,латексные матрасы mrmattress в москве,,,0,0
Матрасы из латекса,латексный матрас mrmattress купить в москве,,,0,0
Матрасы из латекса,матрас из латексной пены mrmattress,,,0,0
Матрасы из латекса,матрас из латекса mr mattress,,,0,0
Матрасы из латекса,латексный матрас mr mattress,,,0,0
Матрасы из латекса,матрасы из латекса mr mattress купить,,,0,0
Матрасы из латекса,купить матрас из латекса mr mattress,,,0,0
Матрасы из латекса,латексный матрас mr mattress цена,,,0,0
Матрасы из латекса,матрас из латекса mr mattress цена,,,0,0
Матрасы из латекса,недорогой латексный матрас mr mattress,,,0,0
Матрасы из латекса,где купить латексный матрас mr mattress,,,0,0
Матрасы из латекса,купить латексный матрас mr mattress,,,0,0
Матрасы из латекса,латексные матрасы mr mattress в москве,,,0,0
Матрасы из латекса,латексный матрас mr mattress купить в москве,,,0,0
Матрасы из латекса,матрас из латексной пены mr mattress,,,0,0
Матрасы из латекса,матрас из латекса мистер матрас,,,0,0
Матрасы из латекса,латексный матрас мистер матрас,,,0,0
Матрасы из латекса,матрасы из латекса мистер матрас купить,,,0,0
Матрасы из латекса,купить матрас из латекса мистер матрас,,,0,0
Матрасы из латекса,латексный матрас мистер матрас цена,,,0,0
Матрасы из латекса,матрас из латекса мистер матрас цена,,,0,0
Матрасы из латекса,недорогой латексный матрас мистер матрас,,,0,0
Матрасы из латекса,где купить латексный матрас мистер матрас,,,0,0
Матрасы из латекса,купить латексный матрас мистер матрас,,,0,0
Матрасы из латекса,латексные матрасы мистер матрас в москве,,,0,0
Матрасы из латекса,латексный матрас мистер матрас купить в москве,,,0,0
Матрасы из латекса,матрас из латексной пены мистер матрас,,,0,0
Матрасы из латекса,матрас из латекса мр матрас,,,0,0
Матрасы из латекса,латексный матрас мр матрас,,,0,0
Матрасы из латекса,матрасы из латекса мр матрас купить,,,0,0
Матрасы из латекса,купить матрас из латекса мр матрас,,,0,0
Матрасы из латекса,латексный матрас мр матрас цена,,,0,0
Матрасы из латекса,матрас из латекса мр матрас цена,,,0,0
Матрасы из латекса,недорогой латексный матрас мр матрас,,,0,0
Матрасы из латекса,где купить латексный матрас мр матрас,,,0,0
Матрасы из латекса,купить латексный матрас мр матрас,,,0,0
Матрасы из латекса,латексные матрасы мр матрас в москве,,,0,0
Матрасы из латекса,латексный матрас мр матрас купить в москве,,,0,0
Матрасы из латекса,матрас из латексной пены мр матрас,,,0,0
Пружинные матрасы из латекса,матрасы латекс пружины,,,220,0
Пружинные матрасы из латекса,латексный матрас пружинный,,,171,0
Пружинные матрасы из латекса,матрас пружинный латекс,,,158,0
Пружинные матрасы из латекса,пружинный матрас с латексом,,,72,0
Пружинные матрасы из латекса,пружинный матрас с латексным наполнителем,,,1,0
Пружинные матрасы из латекса,пружинный матрас из латекса купить,,,0,0
Пружинные матрасы из латекса,пружинный матрас с латексом цена,,,0,0
Пружинные матрасы из латекса,купить пружинный матрас с латексом в москве,,,0,0
Пружинные матрасы из латекса,латексный матрас пружинный mrmattress,,,0,0
Пружинные матрасы из латекса,пружинный матрас с латексом mrmattress,,,0,0
Пружинные матрасы из латекса,пружинный матрас из латекса mrmattress купить,,,0,0
Пружинные матрасы из латекса,пружинный матрас с латексным наполнителем mrmattress,,,0,0
Пружинные матрасы из латекса,пружинный матрас с латексом mrmattress цена,,,0,0
Пружинные матрасы из латекса,купить пружинный матрас с латексом mrmattress в москве,,,0,0
Пружинные матрасы из латекса,матрасы латекс пружины mrmattress,,,0,0
Пружинные матрасы из латекса,матрас пружинный латекс mrmattress,,,0,0
Пружинные матрасы из латекса,латексный матрас пружинный mr mattress,,,0,0
Пружинные матрасы из латекса,пружинный матрас с латексом mr mattress,,,0,0
Пружинные матрасы из латекса,пружинный матрас из латекса mr mattress купить,,,0,0
Пружинные матрасы из латекса,пружинный матрас с латексным наполнителем mr mattress,,,0,0
Пружинные матрасы из латекса,пружинный матрас с латексом mr mattress цена,,,0,0
Пружинные матрасы из латекса,купить пружинный матрас с латексом mr mattress в москве,,,0,0
Пружинные матрасы из латекса,матрасы латекс пружины mr mattress,,,0,0
Пружинные матрасы из латекса,матрас пружинный латекс mr mattress,,,0,0
Пружинные матрасы из латекса,латексный матрас пружинный мистер матрас,,,0,0
Пружинные матрасы из латекса,пружинный матрас с латексом мистер матрас,,,0,0
Пружинные матрасы из латекса,пружинный матрас из латекса мистер матрас купить,,,0,0
Пружинные матрасы из латекса,пружинный матрас с латексным наполнителем мистер матрас,,,0,0
Пружинные матрасы из латекса,пружинный матрас с латексом мистер матрас цена,,,0,0
Пружинные матрасы из латекса,купить пружинный матрас с латексом мистер матрас в москве,,,0,0
Пружинные матрасы из латекса,матрасы латекс пружины мистер матрас,,,0,0
Пружинные матрасы из латекса,матрас пружинный латекс мистер матрас,,,0,0
Пружинные матрасы из латекса,латексный матрас пружинный мр матрас,,,0,0
Пружинные матрасы из латекса,пружинный матрас с латексом мр матрас,,,0,0
Пружинные матрасы из латекса,пружинный матрас из латекса мр матрас купить,,,0,0
Пружинные матрасы из латекса,пружинный матрас с латексным наполнителем мр матрас,,,0,0
Пружинные матрасы из латекса,пружинный матрас с латексом мр матрас цена,,,0,0
Пружинные матрасы из латекса,купить пружинный матрас с латексом мр матрас в москве,,,0,0
Пружинные матрасы из латекса,матрасы латекс пружины мр матрас,,,0,0
Пружинные матрасы из латекса,матрас пружинный латекс мр матрас,,,0,0
Беспружинные матрасы из латекса,латексный беспружинный матрас,,,187,1
Беспружинные матрасы из латекса,беспружинный матрас из латекса,,,120,9
Беспружинные матрасы из латекса,беспружинный матрас латекс купить,,,68,0
Беспружинные матрасы из латекса,купить беспружинный матрас латекс,,,68,0
Беспружинные матрасы из латекса,беспружинные латексные матрасы купить,,,55,0
Беспружинные матрасы из латекса,беспружинный матрас из латекса цена,,,0,0
Беспружинные матрасы из латекса,беспружинный матрас из латекса mrmattress,,,0,0
Беспружинные матрасы из латекса,беспружинный матрас латекс mrmattress купить,,,0,0
Беспружинные матрасы из латекса,беспружинный матрас из латекса mrmattress цена,,,0,0
Беспружинные матрасы из латекса,купить беспружинный матрас латекс mrmattress,,,0,0
Беспружинные матрасы из латекса,латексный беспружинный матрас mrmattress,,,0,0
Беспружинные матрасы из латекса,беспружинные латексные матрасы купить mrmattress,,,0,0
Беспружинные матрасы из латекса,беспружинный матрас из латекса mr mattress,,,0,0
Беспружинные матрасы из латекса,беспружинный матрас латекс mr mattress купить,,,0,0
Беспружинные матрасы из латекса,беспружинный матрас из латекса mr mattress цена,,,0,0
Беспружинные матрасы из латекса,купить беспружинный матрас латекс mr mattress,,,0,0
Беспружинные матрасы из латекса,латексный беспружинный матрас mr mattress,,,0,0
Беспружинные матрасы из латекса,беспружинные латексные матрасы купить mr mattress,,,0,0
Беспружинные матрасы из латекса,беспружинный матрас из латекса мистер матрас,,,0,0
Беспружинные матрасы из латекса,беспружинный матрас латекс мистер матрас купить,,,0,0
Беспружинные матрасы из латекса,беспружинный матрас из латекса мистер матрас цена,,,0,0
Беспружинные матрасы из латекса,купить беспружинный матрас латекс мистер матрас,,,0,0
Беспружинные матрасы из латекса,латексный беспружинный матрас мистер матрас,,,0,0
Беспружинные матрасы из латекса,беспружинные латексные матрасы купить мистер матрас,,,0,0
Беспружинные матрасы из латекса,беспружинный матрас из латекса мр матрас,,,0,0
Беспружинные матрасы из латекса,беспружинный матрас латекс мр матрас купить,,,0,0
Беспружинные матрасы из латекса,беспружинный матрас из латекса мр матрас цена,,,0,0
Беспружинные матрасы из латекса,купить беспружинный матрас латекс мр матрас,,,0,0
Беспружинные матрасы из латекса,латексный беспружинный матрас мр матрас,,,0,0
Беспружинные матрасы из латекса,беспружинные латексные матрасы купить мр матрас,,,0,0
Подушки из латекса,латексная подушка,,,3969,214
Подушки из латекса,подушка из латекса,,,2442,130
Подушки из латекса,латексная подушка купить,,,493,69
Подушки из латекса,подушки из латекса купить,,,322,33
Подушки из латекса,латексная подушка для сна,,,180,21
Подушки из латекса,подушка латекс москва,,,69,0
Подушки из латекса,подушка из латекса купить в москве,,,51,29
Подушки из латекса,латексные подушки москва,,,40,0
Подушки из латекса,подушки латексные купить москва,,,37,0
Подушки из латекса,подушки латекс цена,,,34,0
Подушки из латекса,сколько стоит латексная подушка,,,30,6
Подушки из латекса,подушка из латекса цена,,,22,0
Подушки из латекса,сколько стоит подушка из латекса,,,22,0
Подушки из латекса,латексная подушка где купить,,,21,0
Подушки из латекса,латексная подушка цена,,,20,0
Подушки из латекса,подушка из латекса mrmattress,,,0,0
Подушки из латекса,латексная подушка mrmattress купить,,,0,0
Подушки из латекса,подушка из латекса mrmattress цена,,,0,0
Подушки из латекса,латексная подушка mrmattress,,,0,0
Подушки из латекса,подушки из латекса mrmattress купить,,,0,0
Подушки из латекса,латексная подушка для сна mrmattress,,,0,0
Подушки из латекса,подушка латекс mrmattress москва,,,0,0
Подушки из латекса,латексная подушка mrmattress где купить,,,0,0
Подушки из латекса,подушка из латекса mrmattress купить в москве,,,0,0
Подушки из латекса,латексные подушки mrmattress москва,,,0,0
Подушки из латекса,подушки латексные mrmattress купить москва,,,0,0
Подушки из латекса,подушки латекс mrmattress цена,,,0,0
Подушки из латекса,латексная подушка mrmattress цена,,,0,0
Подушки из латекса,сколько стоит латексная подушка mrmattress,,,0,0
Подушки из латекса,сколько стоит подушка из латекса mrmattress,,,0,0
Подушки из латекса,подушка из латекса mr mattress,,,0,0
Подушки из латекса,латексная подушка mr mattress купить,,,0,0
Подушки из латекса,подушка из латекса mr mattress цена,,,0,0
Подушки из латекса,латексная подушка mr mattress,,,0,0
Подушки из латекса,подушки из латекса mr mattress купить,,,0,0
Подушки из латекса,латексная подушка для сна mr mattress,,,0,0
Подушки из латекса,подушка латекс mr mattress москва,,,0,0
Подушки из латекса,латексная подушка mr mattress где купить,,,0,0
Подушки из латекса,подушка из латекса mr mattress купить в москве,,,0,0
Подушки из латекса,латексные подушки mr mattress москва,,,0,0
Подушки из латекса,подушки латексные mr mattress купить москва,,,0,0
Подушки из латекса,подушки латекс mr mattress цена,,,0,0
Подушки из латекса,латексная подушка mr mattress цена,,,0,0
Подушки из латекса,сколько стоит латексная подушка mr mattress,,,0,0
Подушки из латекса,сколько стоит подушка из латекса mr mattress,,,0,0
Подушки из латекса,подушка из латекса мистер матрас,,,0,0
Подушки из латекса,латексная подушка мистер матрас купить,,,0,0
Подушки из латекса,подушка из латекса мистер матрас цена,,,0,0
Подушки из латекса,латексная подушка мистер матрас,,,0,0
Подушки из латекса,подушки из латекса мистер матрас купить,,,0,0
Подушки из латекса,латексная подушка для сна мистер матрас,,,0,0
Подушки из латекса,подушка латекс мистер матрас москва,,,0,0
Подушки из латекса,латексная подушка мистер матрас где купить,,,0,0
Подушки из латекса,подушка из латекса мистер матрас купить в москве,,,0,0
Подушки из латекса,латексные подушки мистер матрас москва,,,0,0
Подушки из латекса,подушки латексные мистер матрас купить москва,,,0,0
Подушки из латекса,подушки латекс мистер матрас цена,,,0,0
Подушки из латекса,латексная подушка мистер матрас цена,,,0,0
Подушки из латекса,сколько стоит латексная подушка мистер матрас,,,0,0
Подушки из латекса,сколько стоит подушка из латекса мистер матрас,,,0,0
Подушки из латекса,подушка из латекса мр матрас,,,0,0
Подушки из латекса,латексная подушка мр матрас купить,,,0,0
Подушки из латекса,подушка из латекса мр матрас цена,,,0,0
Подушки из латекса,латексная подушка мр матрас,,,0,0
Подушки из латекса,подушки из латекса мр матрас купить,,,0,0
Подушки из латекса,латексная подушка для сна мр матрас,,,0,0
Подушки из латекса,подушка латекс мр матрас москва,,,0,0
Подушки из латекса,латексная подушка мр матрас где купить,,,0,0
Подушки из латекса,подушка из латекса мр матрас купить в москве,,,0,0
Подушки из латекса,латексные подушки мр матрас москва,,,0,0
Подушки из латекса,подушки латексные мр матрас купить москва,,,0,0
Подушки из латекса,подушки латекс мр матрас цена,,,0,0
Подушки из латекса,латексная подушка мр матрас цена,,,0,0
Подушки из латекса,сколько стоит латексная подушка мр матрас,,,0,0
Подушки из латекса,сколько стоит подушка из латекса мр матрас,,,0,0
Наматрасники из латекса,топпер латекс,,,1033,14
Наматрасники из латекса,топпер из латекса,,,523,9
Наматрасники из латекса,латексный топпер,,,462,7
Наматрасники из латекса,наматрасник латекс,,,283,9
Наматрасники из латекса,топпер латекс купить,,,228,0
Наматрасники из латекса,топпер из латекса купить,,,163,7
Наматрасники из латекса,латексный наматрасник,,,157,7
Наматрасники из латекса,латексный топпер на матрас,,,106,24
Наматрасники из латекса,топпер из латекса на матрас,,,96,26
Наматрасники из латекса,наматрасник из латекса,,,95,4
Наматрасники из латекса,топпер матрас из латекса купить,,,58,9
Наматрасники из латекса,латексные топперы купить,,,55,0
Наматрасники из латекса,латексный матрас на диван,,,38,2
Наматрасники из латекса,наматрасник топпер латекс,,,37,0
Наматрасники из латекса,наматрасник латекс купить,,,35,0
Наматрасники из латекса,наматрасники латекс купить,,,35,0
Наматрасники из латекса,латексные наматрасники купить,,,27,0
Наматрасники из латекса,латексный топпер на матрас купить,,,15,1
Наматрасники из латекса,наматрасник из латекса цена,,,0,0
Наматрасники из латекса,тонкий наматрасник из латекса,,,0,0
Наматрасники из латекса,защитный наматрасник из латекса,,,0,0
Наматрасники из латекса,наматрасник из латекса mrmattress,,,0,0
Наматрасники из латекса,наматрасник латекс mrmattress купить,,,0,0
Наматрасники из латекса,наматрасник из латекса mrmattress цена,,,0,0
Наматрасники из латекса,тонкий наматрасник из латекса mrmattress,,,0,0
Наматрасники из латекса,защитный наматрасник из латекса mrmattress,,,0,0
Наматрасники из латекса,топпер из латекса mrmattress,,,0,0
Наматрасники из латекса,топпер латекс mrmattress купить,,,0,0
Наматрасники из латекса,латексный топпер на матрас mrmattress,,,0,0
Наматрасники из латекса,топпер латекс mrmattress,,,0,0
Наматрасники из латекса,латексный топпер mrmattress,,,0,0
Наматрасники из латекса,наматрасник латекс mrmattress,,,0,0
Наматрасники из латекса,топпер из латекса mrmattress купить,,,0,0
Наматрасники из латекса,латексный наматрасник mrmattress,,,0,0
Наматрасники из латекса,топпер из латекса на матрас mrmattress,,,0,0
Наматрасники из латекса,латексные топперы mrmattress купить,,,0,0
Наматрасники из латекса,топпер матрас из латекса mrmattress купить,,,0,0
Наматрасники из латекса,наматрасник топпер латекс mrmattress,,,0,0
Наматрасники из латекса,наматрасники латекс mrmattress купить,,,0,0
Наматрасники из латекса,латексные наматрасники mrmattress купить,,,0,0
Наматрасники из латекса,латексный топпер на матрас mrmattress купить,,,0,0
Наматрасники из латекса,латексный матрас mrmattress на диван,,,0,0
Наматрасники из латекса,наматрасник из латекса mr mattress,,,0,0
Наматрасники из латекса,наматрасник латекс mr mattress купить,,,0,0
Наматрасники из латекса,наматрасник из латекса mr mattress цена,,,0,0
Наматрасники из латекса,тонкий наматрасник из латекса mr mattress,,,0,0
Наматрасники из латекса,защитный наматрасник из латекса mr mattress,,,0,0
Наматрасники из латекса,топпер из латекса mr mattress,,,0,0
Наматрасники из латекса,топпер латекс mr mattress купить,,,0,0
Наматрасники из латекса,латексный топпер на матрас mr mattress,,,0,0
Наматрасники из латекса,топпер латекс mr mattress,,,0,0
Наматрасники из латекса,латексный топпер mr mattress,,,0,0
Наматрасники из латекса,наматрасник латекс mr mattress,,,0,0
Наматрасники из латекса,топпер из латекса mr mattress купить,,,0,0
Наматрасники из латекса,латексный наматрасник mr mattress,,,0,0
Наматрасники из латекса,топпер из латекса на матрас mr mattress,,,0,0
Наматрасники из латекса,латексные топперы mr mattress купить,,,0,0
Наматрасники из латекса,топпер матрас из латекса mr mattress купить,,,0,0
Наматрасники из латекса,наматрасник топпер латекс mr mattress,,,0,0
Наматрасники из латекса,наматрасники латекс mr mattress купить,,,0,0
Наматрасники из латекса,латексные наматрасники mr mattress купить,,,0,0
Наматрасники из латекса,латексный топпер на матрас mr mattress купить,,,0,0
Наматрасники из латекса,латексный матрас mr mattress на диван,,,0,0
Наматрасники из латекса,наматрасник из латекса мистер матрас,,,0,0
Наматрасники из латекса,наматрасник латекс мистер матрас купить,,,0,0
Наматрасники из латекса,наматрасник из латекса мистер матрас цена,,,0,0
Наматрасники из латекса,тонкий наматрасник из латекса мистер матрас,,,0,0
Наматрасники из латекса,защитный наматрасник из латекса мистер матрас,,,0,0
Наматрасники из латекса,топпер из латекса мистер матрас,,,0,0
Наматрасники из латекса,топпер латекс мистер матрас купить,,,0,0
Наматрасники из латекса,латексный топпер на матрас мистер матрас,,,0,0
Наматрасники из латекса,топпер латекс мистер матрас,,,0,0
Наматрасники из латекса,латексный топпер мистер матрас,,,0,0
Наматрасники из латекса,наматрасник латекс мистер матрас,,,0,0
Наматрасники из латекса,топпер из латекса мистер матрас купить,,,0,0
Наматрасники из латекса,латексный наматрасник мистер матрас,,,0,0
Наматрасники из латекса,топпер из латекса на матрас мистер матрас,,,0,0
Наматрасники из латекса,латексные топперы мистер матрас купить,,,0,0
Наматрасники из латекса,топпер матрас из латекса мистер матрас купить,,,0,0
Наматрасники из латекса,наматрасник топпер латекс мистер матрас,,,0,0
Наматрасники из латекса,наматрасники латекс мистер матрас купить,,,0,0
Наматрасники из латекса,латексные наматрасники мистер матрас купить,,,0,0
Наматрасники из латекса,латексный топпер на матрас мистер матрас купить,,,0,0
Наматрасники из латекса,латексный матрас мистер матрас на диван,,,0,0
Наматрасники из латекса,наматрасник из латекса мр матрас,,,0,0
Наматрасники из латекса,наматрасник латекс мр матрас купить,,,0,0
Наматрасники из латекса,наматрасник из латекса мр матрас цена,,,0,0
Наматрасники из латекса,тонкий наматрасник из латекса мр матрас,,,0,0
Наматрасники из латекса,защитный наматрасник из латекса мр матрас,,,0,0
Наматрасники из латекса,топпер из латекса мр матрас,,,0,0
Наматрасники из латекса,топпер латекс мр матрас купить,,,0,0
Наматрасники из латекса,латексный топпер на матрас мр матрас,,,0,0
Наматрасники из латекса,топпер латекс мр матрас,,,0,0
Наматрасники из латекса,латексный топпер мр матрас,,,0,0
Наматрасники из латекса,наматрасник латекс мр матрас,,,0,0
Наматрасники из латекса,топпер из латекса мр матрас купить,,,0,0
Наматрасники из латекса,латексный наматрасник мр матрас,,,0,0
Наматрасники из латекса,топпер из латекса на матрас мр матрас,,,0,0
Наматрасники из латекса,латексные топперы мр матрас купить,,,0,0
Наматрасники из латекса,топпер матрас из латекса мр матрас купить,,,0,0
Наматрасники из латекса,наматрасник топпер латекс мр матрас,,,0,0
Наматрасники из латекса,наматрасники латекс мр матрас купить,,,0,0
Наматрасники из латекса,латексные наматрасники мр матрас купить,,,0,0
Наматрасники из латекса,латексный топпер на матрас мр матрас купить,,,0,0
Наматрасники из латекса,латексный матрас мр матрас на диван,,,0,0